{
  "total": 1.275367259979248,
  "kd": 0.2201417088508606,
  "trajectory": 0.40136855840682983,
  "groundtruth": 1.3077141046524048
}