{
  "trajectory": [
    [
      -0.09572982043027878,
      0.08352545648813248,
      -0.1636219620704651
    ],
    [
      -0.12218166142702103,
      0.1525733917951584,
      -0.18213091790676117
    ],
    [
      -0.03431344032287598,
      -0.21009714901447296,
      -0.05267249792814255
    ],
    [
      0.03199790418148041,
      -0.3844417333602905,
      -0.07071834057569504
    ],
    [
      0.14463993906974792,
      -0.13213495910167694,
      0.044878795742988586
    ],
    [
      -0.31941717863082886,
      -0.085750512778759,
      -0.07232847064733505
    ],
    [
      -0.11602658778429031,
      0.2321629822254181,
      0.1511482149362564
    ],
    [
      -0.19793561100959778,
      0.3709372878074646,
      0.4399028718471527
    ],
    [
      -0.19254374504089355,
      -0.22181518375873566,
      0.1213914081454277
    ],
    [
      0.23679061233997345,
      0.21083921194076538,
      0.2517247200012207
    ],
    [
      -0.008593890815973282,
      0.23917342722415924,
      -0.13421902060508728
    ],
    [
      -0.28985369205474854,
      -0.2864602208137512,
      0.32073718309402466
    ]
  ],
  "cot_text": "1226 515 3258 466 1749 709 2985 1565 2147 1691 1422 187 4025 3237 519 3094 2306 3581 584 107 569 1796 1854 382 2891 2767 234 2104 2571 2119 977 2262 3815 1327 3617 2996 2724 0 0 0 0 0 0 0 0 0 0 0 0 0 0 0 0 0 0 0 0 0 0 0 0 0 0 0 0 0 0 0 0 0 0 0 0 0 0 0 0 0 0",
  "teacher_trajectory": [
    [
      -2.5005853176116943,
      -1.1534576416015625,
      -1.3326553106307983
    ],
    [
      0.052345845848321915,
      -0.1544422209262848,
      -1.6422584056854248
    ],
    [
      0.12198499590158463,
      -0.9063605070114136,
      -0.7243282794952393
    ],
    [
      1.0844545364379883,
      -0.48012757301330566,
      0.2498655468225479
    ],
    [
      -0.4507026970386505,
      0.3431601822376251,
      -2.125606060028076
    ],
    [
      0.10270974040031433,
      -1.1486563682556152,
      -0.9690805673599243
    ],
    [
      1.6302237510681152,
      0.29273536801338196,
      -1.745003342628479
    ],
    [
      -0.6449011564254761,
      0.13368740677833557,
      -0.10552401095628738
    ],
    [
      0.26654329895973206,
      -0.24651813507080078,
      2.2603142261505127
    ],
    [
      -0.9054274559020996,
      0.31306275725364685,
      0.7059999108314514
    ],
    [
      0.4097687900066376,
      0.013778485357761383,
      -0.014911680482327938
    ],
    [
      0.6096765398979187,
      -0.462316632270813,
      0.2354445606470108
    ]
  ],
  "groundtruth_trajectory": [
    [
      -2.45058536529541,
      -1.1034576892852783,
      -1.2826553583145142
    ],
    [
      0.10234584659337997,
      -0.10444222390651703,
      -1.5922584533691406
    ],
    [
      0.17198500037193298,
      -0.8563604950904846,
      -0.6743282675743103
    ],
    [
      1.1344544887542725,
      -0.4301275610923767,
      0.2998655438423157
    ],
    [
      -0.40070268511772156,
      0.3931601941585541,
      -2.075606107711792
    ],
    [
      0.1527097374200821,
      -1.098656415939331,
      -0.9190805554389954
    ],
    [
      1.6802237033843994,
      0.3427353799343109,
      -1.6950033903121948
    ],
    [
      -0.5949011445045471,
      0.18368740379810333,
      -0.055524010211229324
    ],
    [
      0.316543310880661,
      -0.19651813805103302,
      2.310314178466797
    ],
    [
      -0.8554274439811707,
      0.3630627691745758,
      0.7559999227523804
    ],
    [
      0.45976880192756653,
      0.06377848982810974,
      0.03508831933140755
    ],
    [
      0.6596765518188477,
      -0.41231662034988403,
      0.28544455766677856
    ]
  ]
}